ID,arrival_time,start_service_time,completion_time,interrupted
1,1.749027093115263,24.901382050652956,38.370097160981175,1
2,89.15732671802584,38.3168963015904,24.048037163857728,0
3,28.486116747391833,12.646319593064014,94.95075868790887,0
4,29.89763774589579,68.75883858999174,79.00618882213195,0
5,79.20342606554294,81.56362092260626,45.366117961583456,1
6,32.447059747822884,59.05958099766531,50.28234601293507,1
7,86.47103866902583,53.004026418785124,82.34408910793363,0
8,44.75126322138742,63.34972852618173,13.151965169918988,0
9,54.82299063500942,54.101153328104566,55.146160883507044,1
10,35.71719948299895,61.80563101571457,37.81108593502128,1
11,11.23120253927098,86.80215260187961,35.533228484088205,1
12,14.189715484829712,94.53572920829936,99.7624899003274,0
13,44.49590767121849,85.99906453913091,1.9887118981063323,1
14,73.19802251869119,96.1023781924893,71.94414915699873,1
15,46.010122819627156,20.050068778625572,87.28827579789994,1
16,59.27444089753724,52.319946805420614,40.08909209244786,0
17,33.67138574290812,68.04134297384617,20.23188153363241,1
18,45.442782082828984,90.34942441035699,8.97861518391646,1
19,18.712777283052475,39.794617843101655,78.48231263867139,0
20,40.883521327671055,62.09535121664739,75.31313414574583,0
21,13.210203994591607,54.96213630735556,75.75518093853522,0
22,3.7110314984838633,74.68513944121077,14.794160221395247,1
23,8.198783075111105,17.98181552975826,95.5919865160993,1
24,21.34399510803413,14.540983164843391,24.789492644108257,0
25,54.52292637147477,17.735416819899484,39.19825983059836,0
26,65.50663483734725,9.036043789839043,98.98629322901347,0
27,58.87879158121309,84.93922656511718,35.8800523913536,0
28,57.49835871510092,11.039239639975829,92.09172886374918,1
29,33.468531768569434,41.33297738591924,96.16952568170721,1
30,38.05724386969411,40.103907150873894,9.199627652757957,0
31,40.16406919272847,26.47719613518432,77.63459159586913,1
32,67.93248321388418,2.689410216741117,81.60313371241821,1
33,14.617642058355408,86.3695990005376,54.41332597578702,0
34,78.87842182981358,71.70825321358521,31.288801211553263,1
35,3.742705562434445,13.443024159742423,43.43746679534421,1
36,61.36303874864167,8.077394993934096,3.104674612637859,0
37,15.206782544023678,67.49728112184204,28.16548799079619,1
38,77.18770501486095,49.131299483581245,51.644877133351784,0
39,26.311903992324414,78.12526881849557,15.480528053040377,1
40,77.19692297981489,67.91088270821314,67.28446701224405,0
41,28.745234843413147,71.536925915318,10.054416064574333,0
42,65.16793740025007,84.90822570492615,14.23204159752699,0
43,95.05888386030897,74.47325322153098,1.2209637144731555,1
44,91.84743424662997,23.16952236793194,70.42442374416909,0
45,16.478338022933325,24.328218028262484,17.429605940902626,1
46,33.77937105460287,99.372226446394,72.28289792335828,1
47,9.006696587638663,74.00853067964223,93.9400328762829,0
48,69.28383321248948,48.77369826258252,26.225184001941415,1
49,67.9914691937932,63.984638715962426,68.97235658570202,0
50,90.91656697553199,68.25770356766836,39.54492208863819,1
51,30.607596663759917,7.151253020654858,16.348584124941645,1
52,18.210750582402756,39.23867404053285,66.00279116867867,1
53,3.477780936045416,43.16269143145075,45.10143281548855,0
54,37.01990506946695,56.495148508605986,11.572456661773789,0
55,96.2847380415031,9.446993465507935,34.11479045260188,0
56,57.92453401503395,89.44672152453114,81.62028684128822,1
57,88.95603495940223,64.36032842864476,36.735754143597234,0
58,51.76998283390001,67.16639766868596,8.06577601646562,0
59,72.81009213924426,52.481417988000665,2.0258052404981575,1
60,38.2788860417118,54.27902191415297,15.032846458763627,0
61,99.175535046795,91.7927543936776,64.2720913002761,0
62,39.2635731800419,43.648719928565946,33.70838152412726,1
63,14.266544519129043,49.509672223144584,36.884131592404486,0
64,90.70204205904031,43.77075607196977,36.9435534457781,0
65,6.077463391516947,71.02317186438968,87.70482718316201,0
66,9.164294417442653,82.02259608972317,81.00290933491199,1
67,46.677098673987096,86.44352504782303,48.59911382768093,1
68,0.07973040569280165,46.73564313074707,22.047323163789677,1
69,68.94078317568419,33.989132219625496,78.52379681985508,1
70,38.07660792623262,46.11284421634431,88.66027929663707,1
71,71.25350438591819,11.551911286630133,87.63203564482556,1
72,60.676237336010274,6.36302184564026,27.69015341255451,1
73,92.6427123967295,63.8092358001906,9.471601679814533,1
74,7.990278953207586,55.65025491146963,37.60352123352639,1
75,61.650573518177595,25.761774886173004,4.521773600099188,0
76,59.936018343233414,78.18451316104013,53.378610102176836,1
77,35.29393141090959,47.540019282510094,83.28199775991631,1
78,33.77012117046239,71.23975420961267,90.35756850827926,1
79,1.553175440855492,0.6900120829455569,49.15960300802755,0
80,83.09803806057894,20.03510745991838,88.30444810133503,0
81,74.43675178743386,16.220032343787306,39.541889713971266,0
82,35.01704664638036,61.900682573672185,24.035124232422667,0
83,48.468000671316126,41.730225876354766,69.10332268818894,0
84,57.393207882353934,93.34787145270057,75.76038521939742,0
85,27.83652558261488,62.6550521831323,74.09128024587571,1
86,27.978790097248442,60.38983781934617,52.76786777355391,0
87,98.41622200897923,1.7621018086029894,52.14841831727757,1
88,44.66784557138092,31.088136931194764,93.17006388071923,0
89,6.666673861374961,96.29564678383198,67.82042306195217,1
90,36.109530809897805,84.14600779242977,28.223156408933736,0
91,3.984569310124453,36.69071542901751,93.74637456745505,0
92,2.42773773017666,67.0542993585738,11.600338838514833,0
93,79.90943026578094,98.75988405280897,90.1966024656829,0
94,80.65001059380828,40.403157797495105,41.97160725462717,0
95,26.874389169465385,10.724720164166124,31.714635457033435,1
96,24.15259711065164,73.5198674157924,43.03058622010225,0
97,25.839358997133953,83.32342112884449,94.05239084358027,0
98,98.81964513434995,62.484514946148195,4.764849489084844,0
99,71.46128671706389,24.743884905039703,86.50510081622369,1
100,60.7319436654835,83.02635983530865,64.45844825138994,0
101,93.00306381873827,85.32937207807709,99.70679167245929,0
102,39.33744222444629,84.26686559979606,97.62228022954868,0
103,19.47675784971732,46.09459863539078,66.22284060887758,1
104,74.90313096098909,3.452469714791795,97.0756840029646,0
105,45.132492430506886,50.60520004116129,34.991160989773874,0
106,11.479585648509815,40.75299468591964,8.75742463804512,1
107,2.8767325522239817,75.08379351137131,20.53935462009321,0
108,27.902168976910204,29.391213315278243,4.997936550904891,1
109,82.4166712878014,59.776677691107906,3.6115297275310043,0
110,25.477839392737668,59.89425854639089,84.11678228600786,0
111,43.70946650056609,68.5216747613278,65.72899492530131,1
112,24.033877033048523,30.687899630823434,68.2078084178919,0
113,41.441444089796775,68.83843262138919,89.52564240664374,0
114,91.68930053159853,73.96607303110594,98.35084696271215,1
115,27.931488164911798,96.93168916245835,54.27611395783944,1
116,5.549228289894903,56.76473932826936,23.056294009263556,1
117,18.5338655789145,46.16511898411769,6.733961766995556,1
118,12.641352797769144,42.54797368429043,36.083278802206266,0
119,15.587814262589017,37.96235626069648,68.3340258601663,0
120,93.50620373618705,52.37158676311899,55.41284052595291,0
121,55.95899528470431,19.970533024350033,77.34413631926654,1
122,99.4482794551525,36.245615702665276,5.650093023038394,0
123,72.41088978456393,67.32460910955066,72.27712469384808,1
124,34.06667872106023,41.945305994596005,59.58706315200678,0
125,93.16054897695936,60.137713831629625,40.98761198791333,1
126,89.94254110844682,27.120146564693204,52.5164596016718,0
127,97.02321748638646,19.807506662602837,9.12418912722346,1
128,55.94034558815885,64.56900214337378,80.57725205314858,0
129,35.95013649770292,82.6220529773019,42.08210110597632,1
130,42.21871721446085,55.18004768195506,64.56125584676556,0
131,10.775789740363695,68.49531653138816,90.74744701745617,1
132,83.47892986711905,73.3762396220514,99.09599959853944,1
133,91.31903016278739,74.51199191139361,17.773746196003827,0
134,32.059358307406036,59.04032761488166,80.56651987182339,0
135,40.794052726749364,16.853150318209074,32.25786142686048,0
136,32.85865920315635,9.693754244044827,0.8165048833827737,0
137,80.64324216349712,72.40784582075904,79.9593267157407,1
138,34.94756907622079,84.26243835565374,87.54292801627813,0
139,46.781611809916654,91.66432339453176,47.88562886798542,1
140,64.44939665697464,21.28764154727221,10.537788683490978,0
141,64.54552590454426,50.88143871257653,41.4679540182633,1
142,85.5061119656344,66.5668129472219,77.07059168093673,1
143,73.00307164938968,1.3823503135805604,39.16598479832919,1
144,28.407113892911116,75.3709585429901,53.18815054861123,1
145,61.85417372804003,37.831637946594924,2.7985833821635553,1
146,93.16268748812735,93.18627005056122,13.778594351728602,1
147,33.626769893982946,56.75467308202285,65.14609668168943,1
148,3.6715726648133273,82.68134160417362,10.891704199806785,0
149,64.0913546627099,81.88514327781341,85.83220989803519,0
150,68.30312846768564,74.86263948036135,22.41600302215887,1
151,53.93542901701751,97.88205254879263,57.739253564061556,1
152,70.64952793590288,50.219825773556295,78.57803513701181,0
153,38.40704205349681,64.70368199538557,91.43647862050331,1
154,68.70011299258093,6.654954053814544,16.95005257714559,1
155,60.6990217447549,18.982488989517055,89.72391535131331,0
156,55.068055961661976,6.300729357381241,90.62620424503731,1
157,37.24920263235939,89.3496339111426,26.33158017234245,0
158,96.33466469160666,59.31030395677851,91.38659022561787,1
159,64.58209605985485,4.932023221105908,56.84275051562667,1
160,90.81740859547853,30.322579921371972,52.15903750776339,1
161,95.49666246750446,67.04329078476748,65.45108139406646,1
162,23.75625796209596,97.47179211265124,86.67825592477799,0
163,22.74290870826432,86.58140334666426,56.40814693979307,0
164,36.30415130217123,90.7906727849237,56.806847110853994,0
165,38.29153698361926,77.46783647618867,85.7996225377247,1
166,63.29647850274524,49.86286690097026,97.13051521776644,1
167,97.33375037724335,3.1332194883854747,72.6592825479183,1
168,47.208545666506105,16.506611043306908,23.00063132439789,1
169,41.441409176372844,43.05647455298527,90.00782933980297,1
170,4.841733111474089,93.05990873225241,18.306838273812875,0
171,97.2246856908149,13.077650515310468,40.25744063199825,1
172,97.8848641705018,99.50293168346982,18.441971699279904,1
173,65.4883054797767,84.71810047602828,1.7096849398790526,0
174,14.490633627432059,90.34235384949973,48.03628048582479,0
175,89.53731242475233,14.491827955282933,65.44219349577011,1
176,48.948323497486015,57.18847284369275,42.1024553592372,0
177,62.14500618686376,83.95583591132078,45.72006269938168,0
178,10.202687035475167,16.74006708273932,98.2756245259633,0
179,72.8241110261988,78.68868526641559,65.47713980002361,0
180,12.550310666808373,48.524673140773345,65.5217307644979,1
181,41.43984316289896,85.42578026337478,64.027816278283,0
182,68.84086009500514,6.919005262667611,15.320033750860084,1
183,81.75748802007071,62.959484809821895,34.87650803603105,0
184,23.216123148463996,50.62911012155025,24.334450849322252,1
185,33.641143186840885,23.369785248251283,28.595677832756593,1
186,38.60268456910725,84.9190191407376,13.479143509898561,0
187,49.6976550514182,73.09886347787027,39.64348909925026,1
188,97.8473835121695,98.45111518456179,54.11236669956849,0
189,44.44010648550607,29.179687370016694,45.06774970606122,1
190,87.29654846738279,49.7332330362814,40.29545099672489,1
191,79.45535238259879,82.25792259021455,77.86383219107181,0
192,7.932121218190968,49.59116291365031,61.418778344374594,0
193,96.82361013556554,93.89135194192065,22.611638016073698,1
194,92.93661896686625,94.7906174820129,88.45224966884795,0
195,8.783925902192724,39.270766725184636,38.25985995021601,0
196,52.620899349222995,0.5449110168485705,32.060142035382135,0
197,0.2284185279189832,54.23396025199175,52.88787930493979,1
198,49.66134273574811,94.8974835436725,10.432132041226438,0
199,93.30979354688452,84.10204011707721,90.40659550029059,0
200,65.10919576380368,23.1666705662958,61.005746353509004,0
201,11.171651349206268,41.22305186771417,88.61352351317764,1
202,53.618193007302196,82.88050295480785,72.65410282358266,0
203,29.377928622405648,11.448512092370178,0.2626795993362574,0
204,49.76597510994502,36.71128619383982,6.980899811964914,1
205,63.595585503914265,29.944957945592922,86.60466912380028,1
206,96.34169467263061,0.31323025690565,8.780348200695132,1
207,74.2586809553546,4.645837624198046,2.963915116823246,0
208,37.7852599961989,58.194060750081064,28.648707583300247,0
209,79.55307070357867,34.078283906730235,39.3812662946377,0
210,33.89927612104614,38.78547690065842,26.376712476651132,0
211,67.9839144482026,65.12911565766846,49.64906188589615,1
212,32.52605503549791,69.06540459356575,76.19844617803138,0
213,49.86492495945319,22.099220098505224,99.28257017772924,1
214,49.96086055420569,1.7829568373936455,18.27871044383954,1
215,44.28197907278077,39.907352090526615,64.62897941165794,0
216,36.289953644281624,60.518419324547956,96.92294267878493,1
217,10.54387774675629,62.43295892475918,22.08428163545424,0
218,32.67994265085164,65.37190599009762,70.34641392265944,0
219,92.64920640120746,18.073622636084497,57.05514529435014,0
220,51.323088389239956,29.444595596460832,46.517298878160105,1
221,74.48078022935361,12.30610712232112,41.925405950056096,1
222,48.865403959782505,49.39945424978357,20.56669938427872,0
223,8.966191934454237,12.377207242110078,48.5394908292024,1
224,1.2065928181838825,61.15792737715905,21.223453758629475,1
225,90.08607926791787,44.7444691571093,38.592176087191035,0
226,38.40689412244473,15.057254194247182,16.338010399248613,1
227,78.92065478127486,67.50526111751982,43.142012472690425,1
228,92.03005274812982,85.80163905603494,6.656658053777054,0
229,88.43725919756052,88.05710173099754,62.83431410698732,0
230,10.801677488560124,49.91163346043683,29.414731588229472,0
231,41.338114003183534,16.685300110641965,83.06208545378848,1
232,3.6857020805610263,29.642583931615263,58.23862229029078,0
233,7.7033014575682905,71.40176007986982,66.82035262881143,1
234,91.32015188553815,92.05576273492301,61.30613925461231,0
235,84.71684081809123,30.57605397702864,16.146663297708596,0
236,37.43661124912121,55.25949636561486,58.820325795329865,1
237,15.848072980973626,13.020565684367924,32.06215438035475,0
238,34.722478004559946,83.68229351166934,75.87893737444644,0
239,98.95717293132769,81.92648554546275,6.456016758389705,1
240,25.13037664674528,48.33581283672386,67.42725677760251,0
241,45.801715531913715,65.00652573484237,32.956618855627895,0
242,34.79370948272565,71.77292714347585,91.52320493256303,1
243,19.71222456621887,7.363686167430295,20.249634867326627,1
244,87.54475027320039,19.21439273383839,48.768421682134274,1
245,41.186193311272724,51.621277087597775,39.7099829828261,0
246,49.403265399263496,64.06825438914242,90.1314742795266,0
247,95.04933092526299,85.19100874550364,42.214660719670526,0
248,0.4331761134991674,11.538088493935284,15.502665323517817,1
249,78.68801369143655,54.122478037590646,10.880655287803066,1
250,35.64403723517283,23.339669367273242,42.0912044786286,1
251,90.17051394762433,70.50395723388976,52.19636131936599,1
252,25.08339197055759,80.0129231120724,70.92065097900473,1
253,85.52907398772331,54.575974693118255,36.394604452156365,1
254,59.62519746257991,35.75826700031356,46.402552403811505,1
255,52.45548138865789,52.44384018698756,93.72747312629728,1
256,74.60357219302051,41.186383119745926,45.02264572090399,0
257,19.0561563524138,97.73180240941474,19.190470957274243,1
258,66.90621861714907,87.31681280974928,42.841422685818195,1
259,62.448117257240675,73.41878665281001,16.674814209370037,0
260,89.79212700357944,67.13488925270454,13.274499783472294,1
261,28.68779772323412,23.405465602461263,93.54799396301675,0
262,49.95270139519864,59.97053358724791,34.086505825514145,1
263,31.891285899703636,84.93670821591802,81.83556158715719,1
264,6.1113263933407325,86.1728373653614,31.493893082293777,1
265,50.61923084263049,54.27268216064258,42.309427727952965,1
266,50.39389048273152,23.208693102549717,90.98651403145126,0
267,4.127450065802229,93.55141811158083,41.29137384509407,0
268,37.86336988019697,43.468631368054524,8.420593556861578,0
269,27.15974603321537,69.008251403094,39.055372732991536,0
270,96.83553350980408,26.458345537984627,1.9913929941776876,0
271,50.46748095145309,70.29998585510211,29.073886023495945,1
272,3.2873048845245,90.58041538093298,63.63128240912658,1
273,62.367493479153424,45.614052623322806,89.94439278880576,1
274,46.93687617549905,28.436693983071105,15.340818212652474,0
275,6.366370807698418,19.309277951279757,1.728968766907546,0
276,18.763922767357933,3.5837047502447428,35.03431934449958,0
277,35.77328198068278,12.286826658857052,96.04266995622616,1
278,55.03484665844384,98.30209768816474,4.765808633457813,1
279,76.93205762478104,39.46273160324147,85.75789607708778,1
280,50.51559959053515,47.77243114038324,32.40333843364318,0
281,20.7627089891712,88.45269472539971,63.99946634857795,0
282,38.46338793445228,9.997713455084057,96.587353877809,1
283,58.70174205507917,8.674232233416589,95.40475923894674,1
284,3.669265565421642,3.117394790162098,10.999093326369792,0
285,8.92071198676061,31.104341054296448,95.60455230791139,1
286,79.95242658760114,83.72541957606283,29.52508268056928,1
287,70.31335757670311,56.84627365563658,56.740133682967084,1
288,93.26898140189464,76.79262514631378,5.625687342406094,0
289,44.57765056074212,0.8408338995675946,58.694750928915,1
290,3.3960698875975304,66.12742058928923,2.0521592056274685,0
291,28.2317548437342,72.43625455824736,26.043995277758814,0
292,44.11011304547468,55.73291502653247,11.181470971419094,0
293,32.46830287318813,27.732503724824376,67.63389540629315,1
294,54.71813685860204,10.049129707973503,54.552488138553436,0
295,64.85953275423483,58.47118087592808,50.63179826832469,1
296,51.996010076919966,20.764361852711467,73.90513316694246,0
297,43.91549986984632,96.91389842830891,80.27458735750733,1
298,23.61168807458117,99.87463851056897,95.39875000761643,0
299,10.108117649256643,46.70743168270645,60.64196488145217,1
300,76.63110310509383,28.531002202015145,53.78072977515435,0
301,23.9969998979074,11.098561499217341,98.80260397458063,0
302,97.68735280338538,28.282000317480417,70.73954131453296,0
303,0.824020038648865,25.666273115710858,16.118116134438722,1
304,37.70496062189375,84.9265897643544,68.41669371559426,1
305,95.97283080275977,56.84012312510936,28.9090446407,1
306,35.782484851790116,57.77271300114488,81.7718612396961,1
307,49.96209631329379,45.99950300386244,34.949575717236655,1
308,17.698326791045492,62.2963658312714,37.56536330485945,0
309,66.71756489602771,68.4542211950403,22.791994622112988,1
310,8.207096273822923,61.543681060202736,17.952316495889587,1
311,92.43720313279663,12.96502159878189,41.31995038874794,0
312,95.79613009161625,95.92108666847531,68.46740937486288,1
313,22.05400757350341,19.70082019606866,28.392232542449104,1
314,38.80618441268613,54.720816386839886,42.86016566368352,0
315,86.82858529327623,87.58028927537305,95.37202076471573,1
316,78.46197519164527,19.337175823304996,68.14832043466463,1
317,56.7659531644197,48.48309728707011,81.06250604166875,0
318,41.49754954613202,50.486738768571385,66.46060194189252,1
319,80.8339160535109,48.52741792193602,97.47653851381372,0
320,60.463671869778736,22.74117143123242,72.11038560496294,0
321,50.90305566082738,86.03390437852775,84.25813761197541,0
322,50.0117074985241,51.624834826581356,86.33690363062117,0
323,49.87311400372253,54.318728883261144,10.95255782220621,0
324,30.687759111999956,91.17809837993727,75.35703669716275,1
325,78.55332644260108,25.029001795239093,91.5437418415597,1
326,65.36493376516871,76.15967503102551,18.620435947011416,0
327,60.640828383228005,71.86430292608836,16.705194258619304,0
328,1.2040393975534025,52.98333366701392,55.63592012958447,0
329,71.68468253425223,0.2128588733122161,67.783118165724,0
330,56.61009495622614,3.68074093702897,97.53477841073527,1
331,37.61733552758525,72.79799266895826,37.91292561341968,0
332,47.18728441825867,46.29512666271979,50.768764469227015,0
333,86.43765223565009,94.20702777832977,43.02531621318418,1
334,85.1614436037039,49.47691988085053,56.45179229915218,0
335,53.894366190628894,45.22883666529716,60.149338537414174,0
336,51.4389260222914,80.4586110035619,93.70082471264291,1
337,55.4741413822741,14.866373926272058,10.907801088813729,0
338,28.17857174456726,47.32725272390096,88.71744728670927,1
339,70.21365908689167,34.58891284254325,32.98843643724678,0
340,78.16434011793415,77.98837741342841,91.8499471493719,1
341,23.331445975540166,46.94812251923302,28.526291400054927,0
342,64.66888691701004,45.73098643792175,85.53446486350403,1
343,81.73166672204577,39.0915558788486,91.032676316953,1
344,62.40087244534236,52.510217638870614,61.68600104841847,0
345,92.34513040048789,35.21281368096603,90.57658063815603,0
346,72.14702420873664,49.965176752706654,98.606450760644,1
347,17.561390856577695,49.08191226213429,85.59403122825287,0
348,84.01026924538628,96.83484264465669,81.59128645275315,0
349,40.55132387883694,26.779351382688343,25.099724879109942,0
350,15.277840523322794,46.68690309487828,21.73731744923012,1
351,67.85688612650613,68.99215606410098,1.9785719318444195,1
352,18.322438894703264,70.16359247683191,45.404054327229225,1
353,85.07980400152688,51.24148105273974,59.71370599278439,0
354,27.57358061620274,77.35677249160425,18.60590164097945,0
355,96.51567079051584,70.21349955982463,72.99051483002059,0
356,89.77671057377937,33.92892634517646,88.61161331754103,1
357,29.26902388205761,49.524091743708254,28.99658954830564,1
358,5.920308863344504,23.120424336348066,75.4004363134539,0
359,28.294876099118092,80.14114392159813,74.01252631029523,1
360,27.968048650608758,85.44741443899997,5.516970296442336,0
361,73.7246556998975,7.17255440955189,90.69219673784448,1
362,75.32805781566074,2.5713138833606597,4.645011546936518,1
363,58.64911403939743,71.30993379564153,29.674757478504144,0
364,98.8173867534824,65.71159482872199,96.03241616952961,0
365,66.39183514969524,63.330140050512306,72.62985268119928,1
366,51.059845433900186,75.49757845042166,52.42796336228184,0
367,97.25423254234134,61.87970586176617,71.26684670071712,0
368,36.74917381791841,93.39988050042088,75.21738698121723,1
369,65.8895362422084,88.14202210501651,28.484249987564457,1
370,86.35754472021321,62.67536524493503,87.0443341146908,1
371,35.758649890055196,80.46879296431548,66.1726945067893,0
372,63.93242584508974,96.75919210058184,40.852951027790986,0
373,79.16574249531661,30.87398955781202,71.77442082279171,1
374,89.73919837578991,43.8806944231132,64.49677474499573,1
375,62.42641253561101,72.31212040399308,39.17488705006503,0
376,80.86635742924727,62.64064414225897,34.11587098663422,0
377,14.828046898835867,43.20267825659167,70.45470826717302,0
378,68.9602393923474,54.868073563596894,8.508419027558745,1
379,11.15490271084707,59.71818923882651,10.53683823117848,0
380,48.0243840937163,88.66021782598533,16.605466224387634,0
381,39.49684962210797,58.76306645759733,58.749749032475115,1
382,8.493236107354829,45.95403464513142,73.39269765235096,0
383,58.52222218181608,71.40412581757388,48.17198096847113,0
384,15.59062841776525,58.484265549331646,9.874229919659994,0
385,76.70618574530013,84.94978139596563,15.320980431990849,1
386,30.57689904280121,34.29148686872268,70.08655010022063,1
387,37.21654934919193,38.8084722252633,92.89042908916197,1
388,15.282639439112478,66.3567516013699,31.298447822946972,0
389,91.06156567412917,21.78990886848471,26.97756853023108,1
390,22.57265243390456,5.171553919825566,85.63718191670087,1
391,90.99720953439727,44.4730016959943,87.69344049033253,1
392,4.871799704517532,48.31589937386026,28.36827557582581,0
393,19.480763362267194,97.06687122689681,70.5147648381475,0
394,39.91084830084674,19.659825235083428,56.446477271506666,1
395,1.5922830409413113,66.62317150874586,38.07364331147364,1
396,38.28985335976653,39.919060248055196,46.26115492402625,1
397,99.05932348491164,98.22776868821619,2.7240644485262533,1
398,43.094076460938155,82.66158127052887,6.941024216575187,0
399,3.3112625282865293,36.909434436441444,67.33452434394796,0
400,23.181806858385713,92.46214335302861,56.008634578323814,1
401,39.69518000140431,27.670028410467552,44.84156104418192,0
402,76.81571416209866,25.47181804923482,36.81287132283436,0
403,63.4998682135153,43.712093089358326,16.6747510473763,1
404,20.221042570352587,62.02551550913522,15.721816598748406,0
405,64.58165022500073,51.75172385297019,16.39241276829161,1
406,88.64802538069065,1.149959996880967,81.49632034976281,0
407,49.30035431193052,96.04375162521819,47.2480293469026,1
408,54.3297393697116,94.75140472981434,92.25753114452675,0
409,10.24303626756864,27.320147262972373,92.73793329200501,0
410,26.948442194001633,15.6630986504672,50.39423128520064,1
411,27.193627646854058,37.8757875325398,8.472337199556312,0
412,76.33888269112686,94.77570813778573,86.15902325621774,0
413,59.35372779599537,95.00823161562406,50.2005418472137,0
414,81.45263687448325,17.49509658164248,98.15874442825766,0
415,80.69684689527014,93.4211681180353,52.12385293457677,0
416,26.553936625095588,35.9367714937158,17.928555190327167,0
417,3.0160718637201933,22.976129946934943,79.83589438004351,0
418,61.732658207058954,84.61768228879635,25.410305876090188,1
419,80.22918397084074,76.40442414160104,24.102494179818056,1
420,28.26246025474939,80.79262876589867,6.183953768120243,0
421,97.4627778363403,63.62286356323887,81.71155617239778,1
422,19.921189620705114,18.41734228630646,21.342400156442277,1
423,43.60255682675891,97.09062545111144,2.1420624985892367,1
424,87.0572826664788,98.0610620089706,96.70948649996994,1
425,29.017374666725438,59.623229311101525,39.96334866182389,1
426,34.88400964651757,46.64225324243822,95.18391453991636,1
427,5.579037139522558,39.03143245794713,29.59690011801934,1
428,74.5870030702762,45.45354343864503,40.12266998451872,0
429,1.137225601622427,2.8387190174853583,44.42792274231143,1
430,93.9656166684463,4.51073323195712,70.02565528687965,1
431,90.33510457976647,27.351973060450163,30.242465964569664,1
432,84.64397566956183,16.927269137413948,87.94843819952949,0
433,97.5322886677644,34.640263308207544,58.60026627412487,1
434,28.34443363504935,49.42457841448486,5.837293973572444,0
435,61.360166210260545,80.95044661392453,90.84619577156914,0
436,35.829125696060885,68.23870707885982,77.88418490995473,1
437,0.24486022869747437,14.053129333331704,39.59178782704777,0
438,16.839622349718887,75.0233460570791,79.62823964198395,1
439,15.893346093246707,22.6144355831677,78.86249353767354,1
440,53.96670401742082,19.07821153169339,98.48112725502156,1
441,62.44599213118642,72.76220758450668,81.75157108685084,0
442,90.98190622539555,16.009583277016382,89.99326986070275,0
443,40.671056862664166,86.34861390679744,34.666715670408564,1
444,23.30442373115087,89.03984167453851,85.94213897156732,0
445,86.3437148590051,75.16103417160139,78.11085158733871,0
446,15.582169106645615,90.61208866829121,12.863039013315635,1
447,65.90261777629567,23.37605245390282,80.36171430527048,0
448,65.71690642628745,65.80198993911618,76.8719867047253,0
449,13.542715718710607,68.14648716348893,56.97406615950232,0
450,87.38367766321214,23.779264135462043,29.4610731653037,1
451,58.92845136604018,0.01112330888793922,71.0319618684791,1
452,37.34853991062286,29.040796664925004,98.81044203010134,0
453,71.29623695471851,28.426509474396866,88.22453184795272,1
454,87.49128590257371,34.01093614680051,30.591999064869345,1
455,57.97955414105028,54.79132691336618,17.44362774656336,0
456,60.44319390368057,90.60266528039423,45.77018682161228,0
457,9.114904635460952,0.9726895427970783,77.82034851827144,0
458,59.9103523419848,37.777550001684205,22.298339746116056,0
459,44.53941089142429,6.154651878051509,20.58858352955437,1
460,30.774934082131832,8.65916521188279,36.14040868854109,1
461,68.16065791081982,95.12527888002931,37.69834865338826,1
462,47.8925708126968,95.48833747420227,12.601676411522522,0
463,38.83082257814281,1.875290520346795,29.39981342098702,0
464,36.964757587401444,48.448465768512314,47.28565518644336,1
465,26.95576791276204,50.73028814590464,10.166403588983808,1
466,4.217386547695989,56.27072235431714,45.94415298999648,1
467,23.445479235085788,74.56728826484658,30.243972877655658,0
468,50.2697025444661,82.45717713838228,40.37587035382162,0
469,43.635930222054654,68.38765908063897,48.813391453147744,1
470,16.695360590564945,9.656799615327005,67.83074161325786,0
471,62.33884768561466,19.33027231807071,97.08709917668295,0
472,9.90477198858082,93.06109781796901,80.02346786963486,1
473,29.71356447345739,83.006379775829,35.758281080503,0
474,46.413604548691765,5.83996988904667,10.061531809467116,1
475,76.43002156347521,10.891792344089591,33.14092949335502,1
476,68.5175116939434,43.41229078786041,80.44586629233166,1
477,67.77916547581529,74.48330651151002,90.42199371123483,0
478,86.43497347361854,52.24896735949326,39.9703223413063,0
479,85.00758233674817,89.2887752614373,34.212637413675836,1
480,11.551446677755672,82.62057748554376,35.2462772831103,0
481,76.23344485606522,61.905250022066596,91.47628196386131,1
482,6.455182253997272,46.6028821744681,89.55282623906906,0
483,86.48714762266295,38.23923196149259,94.29051627360586,0
484,35.06876235887041,44.94421667521179,78.70811824100399,1
485,42.49897951070898,16.14005152995007,63.27688192819555,0
486,3.0811901078877324,51.11660736902397,55.091565031120105,0
487,32.14906209325361,11.451651695537013,19.515435175525987,1
488,49.38265889813085,34.984087436076926,26.2590279713094,0
489,32.301907868686406,38.784628383690844,94.37896694051221,1
490,14.299653493518194,10.335633853084914,88.37643505389234,0
491,60.65984839231601,93.7716664607795,1.6531851715919421,0
492,56.18314349800172,51.91828062841185,55.07685353581584,1
493,99.8847922787481,53.63704696716921,28.741052872392757,1
494,82.13629895416115,20.98147080484519,94.3998089485961,1
495,80.06661010596265,63.218643537768614,68.78142953168617,1
496,96.06072205688935,6.194671837088672,8.135685591592557,0
497,9.53821566924471,77.65315117064628,67.68429705145668,1
498,71.58100620864958,92.60282149216012,90.37142658655173,0
499,5.7312980633086985,47.3899106589624,88.42833282811098,1
500,88.04524874101432,74.10976793671048,32.949979106545115,1
501,57.45164038209746,48.00283707484145,10.969628941875042,0
502,3.9874832173743546,86.41248190497419,44.17580291979786,1
503,72.37916848734145,60.16466262971719,16.279669322621093,0
504,11.840751837511021,44.86255832300387,22.87410246051369,1
505,34.964752034163695,83.86840032497214,38.34126429978474,1
506,92.62952009663434,51.13519700724359,81.38657579065718,0
507,72.94014549364383,6.837175555948328,20.4314759984885,1
508,13.894827490644913,90.81745658916782,93.07375732426753,1
509,95.9200132269069,70.11967239976732,72.506738699174,1
510,73.10805501062426,6.561908243956971,84.81892570025961,1
511,39.59940572605629,64.26837876194173,71.75977063535109,0
512,13.142381405984738,49.77592337914025,19.633124747147846,0
513,64.98519916987362,33.021371111790074,8.58832280812063,1
514,36.47785872914186,12.942615054483909,17.014041007708734,0
515,28.177128163503763,64.75072359790344,8.252462112215664,0
516,44.178870068234524,79.94098985527668,29.83674678873972,0
517,85.8341815551231,22.35063262388699,99.89915744187495,1
518,33.68236357629299,98.13032968192505,28.096586669137793,1
519,6.752557389509139,66.85857707858919,42.944488738291376,0
520,25.618855840337005,91.49289041624648,39.38806325667977,0
521,51.469715001381644,21.22746125030639,65.51970363391122,0
522,44.55657141430328,82.42283118480161,25.339635381110647,0
523,36.74488280335171,52.84760138476394,27.199815093053246,1
524,73.27492992755619,3.8520143199700985,30.36126915739732,1
525,69.57053939896274,72.79613922666658,66.20378758739336,0
526,17.744954616386988,4.898610082559795,36.51757519954633,1
527,10.954329695010955,79.14242762316862,54.68427018810669,1
528,18.25864475181359,75.7077185006997,42.05582056561003,1
529,76.49944151321594,77.15401288026476,37.93443576957413,1
530,79.03817573565904,2.118886382236329,40.00708893179022,0
531,69.95379566533191,65.76832678024203,10.257124688190922,0
532,94.22006088633547,79.46690290588676,54.71229288387629,1
533,11.391163269619886,6.331459742187762,63.662933940417574,1
534,22.324091555664815,14.155719386719213,28.060697341257224,1
535,11.571308529674829,79.75921137355965,24.41142659600708,0
536,44.376281493414595,13.664261163085323,6.516796681957294,0
537,82.03760387889977,1.9698467217714066,56.0762083045409,0
538,8.614572498680072,4.036301429263078,48.464814657201316,1
539,33.106228333540976,72.51897388814548,94.35622688374964,0
540,56.07603248874572,49.47318862776682,90.86161429036308,0
541,85.85638081058306,7.112088097208558,87.73629899499282,1
542,40.617919768956,61.53841148333116,80.74445566979162,1
543,62.000693723529224,92.02858587418334,91.12897020118511,0
544,21.664981090937108,13.032230311492754,90.44177528387416,1
545,9.044162281441547,43.690634339982225,16.078755640454634,1
546,70.22922233814249,96.83582137807404,85.02756872106029,0
547,92.1135250923619,29.13416809105389,82.88541436012675,1
548,57.816789984719385,95.86880095822625,37.5657885402256,1
549,47.71026395073288,79.30557217262249,88.96278121602225,0
550,88.24576258485097,47.57715858936269,53.3672192496389,0
551,54.434822543000415,12.477358993939202,58.40498743237927,1
552,87.31242380272235,99.750164088002,85.71849452426645,0
553,10.444197096771635,47.57916050491091,70.79339265580694,1
554,59.69020634428248,15.482006650095814,38.798009941230696,1
555,11.049821242465086,55.13590972327415,85.71282471511238,0
556,66.36299174681268,47.71227916270414,90.16896049215771,0
557,83.4983184438088,57.39720789662458,25.23778541878957,1
558,31.69346985103455,92.53731959643454,41.82921620711011,0
559,37.174630481547425,46.036003719349,0.6437114835194158,1
560,0.9069681165942423,24.46515668161592,0.20567077034197023,1
561,34.51819043904727,91.76399421128389,41.115472032806125,0
562,99.19200553719871,54.148161738144054,62.71202126694544,0
563,34.922702298108874,97.86611466583891,25.23765216155258,1
564,36.98620763243666,5.381035314539351,75.47829384604506,0
565,7.26120621019839,13.269946135926268,92.22398507817076,0
566,89.79106489216542,42.36384730075882,86.69300439065456,0
567,64.30689214722572,72.72581079162785,3.8205006492363025,0
568,4.6405166534215,24.458228515671777,17.407082892015634,1
569,51.99813533954497,33.6472688719943,16.96844187341603,1
570,21.42571254964163,73.60228475327575,37.199441859356156,1
571,36.51343103822583,2.2684353538298563,40.06523547990189,0
572,96.50082113495748,76.86455647705921,5.989931887813027,0
573,90.61486649209695,97.00698270470997,60.78042457552337,0
574,72.4404324794669,83.94258847389156,38.85922985569847,1
575,62.86902480844444,32.0083380776832,73.45683531960626,1
576,62.60588375648316,89.37869306979131,52.81288481144172,0
577,70.6884349413888,76.23933906560487,64.68152288424841,0
578,39.88770128150415,65.70826613871475,18.038879746109192,0
579,10.233409934013748,58.439627431539044,15.000575063382893,0
580,98.56566024905719,25.8349445086961,61.917307697686084,1
581,63.3901901739786,36.312161676167456,96.41136655503394,1
582,75.03095527247453,75.34193868539853,81.7380138605891,0
583,82.20101694638184,24.016934175492555,19.233061106383552,0
584,70.95997989364132,46.87372524052957,51.96976858568431,1
585,8.837987867242681,80.16521299638454,96.58691240377112,0
586,93.53830201391212,34.89164802356534,36.91540487010837,0
587,1.9674698377603939,40.439585043220085,58.70426451826535,1
588,10.339285470363912,6.341272964809819,71.6246212988811,0
589,2.6598987953469266,52.09494902250491,87.80719412968524,0
590,68.3585435739457,92.5576753778126,1.3672643401787754,1
591,98.61952772628977,30.117035143991778,70.27699230152496,1
592,11.129931360168088,17.167990453583805,42.42934987144322,1
593,35.43632891416686,79.42081696445015,17.814438023527636,0
594,96.41735736375244,66.82109925339009,42.03657994984608,0
595,60.213020952957685,53.359974850246786,4.040264103096735,1
596,51.155460234177774,60.76371405842301,12.64072769104252,1
597,5.079598337525804,89.22229376727324,35.97267991507138,0
598,9.129326720100261,88.49812127935768,87.50255021713434,0
599,78.66688371826055,44.21469498207495,92.98892023658209,1
600,16.92540790779924,92.79138212388469,15.464405133861048,0
601,73.41808549675636,7.928120387038917,74.72863997172242,0
602,24.03603398333407,32.06092183727151,8.380415389300545,0
603,38.129410098937335,63.151721589280676,2.784913665202504,0
604,60.36071226171015,85.08365666346896,77.91844113649489,0
605,43.02369143068033,70.94549381832937,61.439161583324264,0
606,66.48642269572616,88.37722773425962,39.72572482824269,0
607,79.1763285704688,37.21113908488062,6.103173332226652,0
608,79.9048107440136,47.4556702779136,16.17148557277647,1
609,62.58047955341982,67.04627636037958,19.75073353083693,0
610,22.272070692212164,79.90675408154353,69.69850699583657,0
611,10.064822201807155,8.7543150211843,69.52557139431124,1
612,43.99622888015465,78.36121232217445,5.608768022003508,1
613,61.50445609834265,36.846849023002434,21.02724690704386,1
614,91.06270500435369,73.4427259189543,42.3360815167233,1
615,23.07870367531073,76.30589188509578,87.09582825199041,0
616,65.56328465731043,68.80789164920226,72.93533559088571,0
617,13.680438087043456,69.69646344466558,29.24605255933933,1
618,12.233105001152145,5.163633561219472,9.212927401887583,1
619,2.613605740991154,71.4189546850387,41.32479991644872,1
620,1.0881758109271722,90.40449585101533,55.3164995783814,1
621,50.198044587648006,37.412313469202665,55.53886902136955,0
622,25.968290886168678,93.14678382249149,33.55852973163414,0
623,24.93066736406595,81.6950290595856,76.55427818027246,1
624,35.04402772152508,3.5376753181248666,43.336450751473066,0
625,92.06090331974157,51.611512197225586,20.243249150725482,1
626,14.997034826677991,96.33476671296786,17.369474489795923,1
627,21.392553432631743,36.19185566272867,17.04849115633391,0
628,54.65582438547278,45.21053982180025,63.311367076550326,1
629,62.75712572802845,68.83105098119997,43.53127094978216,0
630,82.13271467329318,6.5232335036281786,67.35357836139745,1
631,43.702355332224585,61.08081626297336,78.38097054816326,0
632,19.070652484547956,14.780185112683263,1.4725431017874935,1
633,9.768830441685994,71.07005030928607,10.999248846971598,0
634,85.67252723224827,35.85620688209671,75.99041430394688,0
635,41.12472148262304,9.988065244596777,22.202108965410094,0
636,1.213589569626261,83.37779814000635,52.1330113950875,1
637,8.32045231420404,87.45265529320302,49.225611443962606,0
638,4.928618450996702,73.13904914009537,78.07248901143113,1
639,24.302424872485318,61.113715376806255,88.20885995603041,0
640,26.558782243617195,87.34194890198695,0.927448580236101,0
641,45.49206298942576,39.37845783440961,89.34569618642509,1
642,87.9220219012534,2.1647689949857885,60.78068219788442,1
643,61.766095106985674,99.89058989358787,93.88674426651868,0
644,58.01619239936271,79.14802355401099,29.21181966048786,1
645,43.36884025040286,58.68594961117295,42.40341365513598,1
646,76.74122936517198,14.512980434672452,11.69251066340472,0
647,59.02285564294149,72.92435244954854,35.90717407866142,0
648,43.02386924081455,39.07593373156006,56.53357959179477,0
649,19.59430990095028,30.772081673483086,50.14175205599859,0
650,91.92248969484123,44.91860925811763,21.892667848095527,0
651,46.11275805636386,12.63513802147964,65.50120304197796,1
652,7.356596803401761,60.0425950184135,24.912451165577032,0
653,96.30466902867998,92.20942012289896,43.309786434445286,0
654,7.765062301450698,27.690423363857775,30.95738761683603,0
655,67.63924715442218,1.6457303622715025,54.27002051374066,0
656,42.386919649035256,63.9222596306796,59.73301380545502,0
657,24.439384746590832,29.24122311725904,99.01899866528844,0
658,48.19269383743795,61.88635722878163,56.08992968214523,0
659,14.072911982741775,87.6127970875359,58.20542655398807,0
660,54.8143818250729,79.71714976998113,10.542061680050363,1
661,19.821793834801614,2.9977580053416886,38.047664987603966,1
662,90.75218118233018,42.664491604219336,8.524501558782294,1
663,83.12325337556885,1.784668100954112,20.45892131753755,1
664,10.622280195338085,97.89998478035474,23.020256348833524,1
665,64.98333835514411,47.291433269591735,85.89851557257856,1
666,51.52674131039079,2.542823199441535,34.483327838649394,0
667,97.50370006882162,68.99907362389183,55.62553729641104,0
668,22.027183235955604,28.210279847074936,60.516760445401104,1
669,76.78918584480945,86.28164900043235,6.678418334480263,1
670,8.953188184933925,97.6340993084716,85.60697797006077,1
671,70.26879621081335,60.29388241477878,20.190573400205846,0
672,36.364286538488464,38.701029039922666,63.738314584228576,1
673,27.467198131966587,21.958440092298048,40.367456935694655,0
674,78.98881989255585,37.45052444372108,40.980523475977,1
675,91.7072339541698,25.18665419672679,69.6192586660797,1
676,69.0657368447552,60.36370284552558,7.285748743819321,1
677,84.45410238009472,96.83287535324199,9.065362533677423,1
678,15.286621716781779,38.984311445766174,94.57365916310941,1
679,1.3403092206681122,18.62682093733379,39.521025111647354,0
680,29.065467537385757,27.932445861695864,98.69663277624635,0
681,46.20827759530833,59.25217697456709,53.656053156608486,1
682,68.51545471797128,32.36561654279193,55.53525168888276,1
683,3.5857202703774904,74.95771394591512,58.27711016992403,1
684,78.84537720661746,60.034723303832116,16.387030851501784,0
685,94.23746384428031,89.6235672820213,25.40811795679567,0
686,27.620287906349162,47.06152999031674,9.22085996010955,0
687,66.54334738631408,76.84673896176862,97.12767992314006,0
688,88.0530621198114,59.227370969709334,84.16065497012256,0
689,80.12113100626873,85.26563078686478,58.40077235446044,1
690,79.20699848108447,28.50154023769741,76.28173272629427,0
691,54.51137954874537,24.878352483726186,97.4920274239781,1
692,65.1753451286361,41.270018726991154,84.48914064634164,1
693,51.57421773012189,54.45667132298942,46.68575554297942,0
694,7.922063078174501,25.42215621062186,3.7899183544415016,1
695,11.969875772785432,97.1681817864108,26.70171155913712,0
696,72.13221617291745,42.01621246088383,32.7160727670165,1
697,75.41066845239729,8.69382714622674,4.227611789466989,1
698,79.67901436718937,21.75637620638904,51.317652518588,1
699,78.40066731202566,80.79045148962453,67.86368835949156,0
700,46.10880446614478,4.680285700555597,37.0337985264515,0
701,87.88529112774415,32.947136784414376,52.70106354529824,1
702,24.055359528803166,56.62753581238613,42.26107941033912,0
703,20.294711353136798,16.390226418930677,1.5989989825751727,1
704,70.03856313194247,91.10537744775596,83.74477405977323,0
705,8.674788359304841,49.99397308459351,41.9278398793638,0
706,66.75244356586086,78.5119214153305,31.411211905189194,0
707,17.948599559205793,20.351828901105296,25.411259573693467,0
708,84.15412015297906,13.079341806175238,64.70051975993731,0
709,5.411138806021487,67.85509615801358,62.437289358561706,1
710,79.47570525795604,96.68192248419751,28.796325225304642,0
711,60.30220475140199,40.398440633862634,59.81946505958603,0
712,81.91354936523109,18.557023001985375,20.726230899547073,0
713,24.14647623360563,52.81477481402015,7.846781543757131,1
714,77.95070792516296,50.11856255164264,87.69783431580788,0
715,9.27300204854128,57.67784016123186,85.64930763431158,0
716,87.46578103457547,73.60573213023015,25.06007374467383,1
717,45.79926700815934,42.253330167923345,25.553330745612655,1
718,23.934435198850323,31.713453112873957,41.84810338570802,0
719,83.53288691518819,75.23015463664817,38.22004648540547,1
720,53.80658542698321,6.293989723334303,51.93487355883555,0
721,28.539470356982456,60.814576924775466,25.5008797326303,1
722,80.24423579084437,79.7331396727979,18.467714063802664,1
723,22.683700842967937,2.548804848381847,73.51523458336445,1
724,8.252699793478035,10.003594293769902,11.995447841759288,0
725,94.44548591973125,70.13038894466912,64.85171171424989,1
726,49.59989438460055,32.446786120224516,23.741024758923558,0
727,12.123644698416191,17.136416294695135,47.92593361459081,0
728,30.937438541729822,53.10316703135197,73.24007853462724,1
729,22.30182159015659,12.362406014848892,85.66303454692658,0
730,83.8168727023913,63.89225092533329,20.67589807299455,0
731,64.24553929791995,58.090049153759104,36.639940262553594,1
732,40.02052960133411,19.168105281770075,94.84309187631087,0
733,48.16096463370467,89.65665810809963,49.18290568436825,1
734,10.026128230555653,36.78946604548646,11.479422883616353,0
735,78.90369641178204,82.5398801492271,33.32263831236947,1
736,44.72402854479143,74.46291344075976,25.77828216421578,1
737,65.00523397422563,38.90678328357383,67.47574484629688,0
738,38.356058094781275,9.166368115924273,83.33496422730249,1
739,30.458564183285684,1.220618556455877,80.86568799115888,1
740,79.87352945251259,47.472564620338574,26.062662981847172,1
741,36.80849624998551,90.42960128971865,4.252610593026351,0
742,14.135525739405786,31.160315465756394,7.025623883526677,1
743,23.612684719208698,46.56267352491589,97.31595603181474,1
744,6.349768627835683,63.270928988258454,50.14900735575164,1
745,4.438076616757469,14.46821430750498,47.53736738756608,0
746,62.86761080204379,99.99940507689836,90.06811022417408,1
747,98.41251247250273,1.458580411477206,40.27357943542456,1
748,78.71145464582179,2.180896077382999,42.18286823228272,0
749,82.97085218231476,61.55188365984278,6.540808384646768,0
750,77.08259992475229,19.463119052764842,81.31058196480772,1
751,70.6141419555617,72.65736565944869,34.093100381618235,0
752,31.333654213676187,96.59803361663506,6.784838158391326,1
753,45.996487826269764,13.02031470693521,55.13517470650162,1
754,72.04202723718114,75.8165293417898,19.078229940572577,1
755,28.655244407745563,80.2252331231576,22.48888084955343,1
756,52.51437271207414,42.49039301916907,19.82567418360428,0
757,21.3986885100784,71.95119774502851,92.1168175875203,0
758,56.248265127566775,96.03850921898504,80.67836337720459,1
759,66.21491333549639,52.66459998055676,79.19068636729718,0
760,58.39492411209143,13.283520723651698,76.93010548309248,1
761,29.354972266246982,16.946882945641605,47.16344737655991,1
762,93.7985442937261,17.958916088590193,81.20141503882321,1
763,39.84987898453441,52.25551890907373,36.1134134654156,0
764,34.38412261734869,22.393803266317114,61.5232306473059,0
765,99.94782996248517,13.798349469477811,14.913637872143681,0
766,23.34770617714419,83.82606229176314,26.399009912707005,1
767,67.34446725036635,9.540438742578704,38.333719858112225,0
768,35.86400324715123,15.700905860741354,61.100030174993655,0
769,99.65048229082181,63.500467754992265,72.7086383857474,0
770,23.876590922392683,20.037526069434154,81.80393127940309,1
771,25.724485266107834,65.16717201332966,66.39040808280667,1
772,78.52966128708105,27.101307042413445,98.15610604623464,0
773,46.093472086265706,57.73950802635572,14.715532329051207,1
774,57.20949051418843,45.40970857227732,52.307042526564075,0
775,26.902447356337134,81.99020905557572,41.77882557395569,1
776,51.911566770927976,46.99905389154306,60.81776436642299,1
777,15.821195193044623,90.6192863922877,70.45667641266725,0
778,97.88633046688011,79.31864619755781,62.471008582400835,0
779,77.18473409594395,9.181071341459146,69.53029236494834,0
780,12.655791668351723,7.043443043759245,68.21645716944873,0
781,46.16449199582928,32.17916231393062,38.056878868052245,1
782,90.09830412595353,29.35751602627881,0.4321006462112087,0
783,20.42820106428461,24.422730617366906,7.269541144488101,0
784,17.30611951365647,47.368196950386256,93.99481956683597,0
785,90.68559377132198,95.22827238499588,6.347885946373744,0
786,2.552370707756757,51.1000194071697,66.55236101792545,0
787,61.286572237956975,15.91039981189879,79.92259141432156,0
788,61.9243752903891,83.91711070298878,67.5357215902635,0
789,61.940396328879466,6.763667029079878,70.55426056861617,1
790,82.87083543249348,3.7639031866748107,62.254570594533774,1
791,78.74231334185512,79.29207759324211,28.164188334285967,1
792,6.506953331687337,24.157011849744826,67.82926785291464,1
793,50.518342385030344,85.37564492931673,49.016071510032155,1
794,51.706613356611676,45.481266222208525,70.47140475579309,1
795,93.30513881192032,16.28285531049113,40.89721788343549,1
796,99.89661328550945,0.3909959683149,68.30914393667045,1
797,43.29672414879013,72.30316012862859,0.18349886364009693,0
798,96.1767117558524,96.07369324047015,73.52309682099344,0
799,38.849420356373834,97.1502794587207,22.18984658497718,0
800,22.086947360589892,6.264648380245763,79.40407326967859,0
801,46.95915377334374,91.66622596458602,56.90505507391084,0
802,4.443181512597983,87.27229366795804,96.01346152510668,1
803,54.35960911054507,13.454921180570967,87.25083852430123,0
804,88.62533591141622,77.3518103818788,19.880718035877877,1
805,10.378160622155397,2.210481714539747,82.28849243316219,1
806,30.25700134820627,66.6335875929662,0.8818918786122398,0
807,82.21329648683079,0.16094468435824405,24.542915318366333,1
808,36.01207192534319,87.02178260442722,30.96439451684807,1
809,90.48340657779276,50.74370176388933,50.20243638642757,1
810,94.26950959380618,39.45152714177975,37.95871984714595,1
811,1.8394265570294888,21.459598438981907,55.0257801971908,1
812,12.830922634234266,55.74573181114481,10.907585703911927,1
813,74.44182505650556,20.116947791422813,21.30454809937723,0
814,38.67891086216417,96.50365455487929,66.68331805401377,1
815,92.75249179583528,35.57441583527504,29.942807204679855,0
816,14.060109153308431,4.23844732376738,32.36511546577149,1
817,98.98649566265574,68.28492025459701,91.47903365114122,1
818,76.86611799263532,49.921960852155465,55.49217516656428,1
819,87.14421110936918,93.19039914822321,95.0256195344425,1
820,52.69853250215293,9.693484502008987,58.41845116477168,1
821,48.61250319688687,50.99251182236838,28.63994696992065,1
822,70.33519217717154,10.867726696400615,20.057594518836364,1
823,4.968862993676526,85.29776768366794,75.71974244825651,0
824,96.86852763611627,97.9214012135289,36.280042019205496,1
825,63.81812585856446,25.98135416057271,84.88432086140955,1
826,76.24652470538913,71.9445489292905,50.72196122307129,1
827,88.03693132596955,29.95367112662165,91.46840835899532,0
828,6.863707843149813,83.75323288238164,8.580150356320315,0
829,58.749717369912425,35.750170453463916,60.905854804094716,0
830,14.176827924541124,13.930564215552298,7.7786831145622575,1
831,46.44305107154458,2.6443973805004073,2.81005095027409,1
832,27.469934366025218,13.279744101441915,64.32453609700194,0
833,45.271629193255066,69.06316473418039,44.666282369518996,1
834,78.52106360121934,76.26964950171707,43.709724803937114,1
835,20.685343605875218,84.57794885284628,31.633730724606558,1
836,29.87682169614798,2.2986575417572985,18.703830355905026,0
837,34.197477631880304,86.4893360838142,33.29347562759205,0
838,41.92809624767602,81.33879464158028,78.65760083571874,0
839,52.740631591423295,34.412358440910396,98.80279480245545,1
840,11.014460866192922,87.19447893079631,32.541476039489005,0
841,9.335550718076258,87.38508201640323,68.50349762119195,1
842,79.2222583886263,87.71119753627342,41.53910404682411,0
843,92.20318232409734,13.842354813706025,32.84643207833593,0
844,89.39977164190186,90.76986318936495,79.25467562515834,1
845,42.93213973123464,8.476361420509292,21.83096457978665,1
846,43.179435397204976,48.34518345942491,81.66020841456101,1
847,43.86983615121765,25.10655254103731,36.77686982078754,0
848,61.00650202586676,93.80000099395068,37.57198941490234,0
849,27.150371181043997,25.336323369740832,79.65327700434645,1
850,92.4582045819988,75.42059580063044,17.897107468988626,1
851,25.629863207623604,46.36820900133489,36.308060416201386,0
852,30.203896950421882,70.58793711632198,44.637052582307845,1
853,26.674770557107983,26.61899811274413,66.48622218658409,0
854,47.92447392448026,7.86857922591051,86.92118898907259,0
855,87.74142419593461,26.850284643305912,23.160258083359032,0
856,49.14609038079222,43.38470039855048,26.647790538165992,0
857,79.20092391726938,40.0015430112537,24.528606961056955,1
858,17.111720977800992,15.718879340177628,66.9775744613918,0
859,33.251169804801926,34.49358024095287,2.846641445693665,1
860,44.34821621070745,7.431169153262196,30.862693277466292,0
861,30.752569530888064,75.76871867426298,59.42309879507949,1
862,20.5692434248558,32.931533373753865,45.316445681419324,1
863,74.66533434446323,71.31027408194147,37.342458785945,1
864,7.110701189852753,61.217667589690194,74.97269163018805,0
865,0.05737889167073407,20.305738801113982,28.99439882607614,0
866,22.705314858616,65.25845248699392,21.907467411782356,0
867,61.7476662700068,83.10379672484146,67.90508847144898,1
868,61.85323899319386,79.63031796449653,87.90480628527064,1
869,79.371945433318,48.64167772773179,47.138119626800346,1
870,59.15816542480149,42.16698181982236,50.45651035182549,0
871,43.55197276336569,36.13006473377764,38.290766526321406,1
872,51.15418252547605,71.758738955305,64.86936140921189,0
873,84.5284058749563,57.510721665507845,47.00888073820014,0
874,44.33757420770499,84.42379655213126,40.570325017446095,1
875,62.83355692458438,81.26472761220019,99.9426262406444,1
876,11.113104410580076,32.79632272742771,74.04635194997529,0
877,82.63892185586023,93.5628067630047,37.61157028553771,1
878,53.60237122160383,26.851634819093405,17.94044777301016,0
879,25.16729996913475,72.85188276715057,18.965617440292537,1
880,62.08464074850863,95.31282140663234,98.16293448649591,1
881,48.35590522689645,32.28993984342811,75.10374348490298,1
882,10.504920291468045,5.162324678831776,14.907546660414816,0
883,33.31636989491172,85.31566831554099,52.45361810198258,0
884,42.167656871308026,65.83807843192547,68.21579648169104,1
885,42.247887344682056,81.20850989091025,32.15070257450393,0
886,0.8897503303866294,83.70155373811818,42.806707037828865,1
887,72.40315437458568,78.74062583523111,91.13892807775238,0
888,19.773871522611863,35.035892929478784,57.41374459901862,0
889,55.49591588673491,94.13209235375163,87.81014334745679,1
890,21.602560122419433,95.17179243837613,89.46791797023211,1
891,31.34708838331387,48.196735611977225,98.29945384567104,1
892,47.559020196069454,66.67031399538345,18.92028224018185,1
893,46.46822919060353,47.68228014007253,58.282506134208035,0
894,87.50310428211175,0.5167023483893418,1.8963912261890759,1
895,41.2135241006212,50.92350119781863,39.21911067145386,0
896,35.65928826413567,2.6117132196468162,22.306677420343025,0
897,44.772184684992325,30.50781166550913,71.59738899772503,1
898,73.8167169026777,10.906906645157866,11.68863529052011,1
899,82.27273586810816,30.0871765386052,5.075778328145796,0
900,34.86473555489269,85.09042485382949,87.4003953249753,0
901,62.199388949172466,95.10147199853618,65.01931145022482,0
902,89.13993952337636,93.95781204426726,71.37894330478522,0
903,10.592578703646582,11.32218280059789,2.21364845019828,1
904,16.369498224470924,43.377769996557404,6.515403498716921,1
905,89.64365407855573,33.451878163232585,42.3590801743518,1
906,72.39782626652685,55.27954404207321,88.75173957560783,0
907,65.17984457321919,48.285759508768834,78.38496379719024,0
908,14.558900350480142,1.030872977684616,4.998761301673705,1
909,64.92951485397359,43.37384922132787,25.186280988649678,1
910,15.404542388453358,87.02036900001576,83.58641231710237,1
911,65.08788886690589,16.38656344431906,46.63279490515709,1
912,93.34553595063151,51.96290804849888,10.594094807659026,0
913,39.39675300428157,12.228386627930677,31.2115663651644,1
914,98.2336171209538,22.841066562489488,99.47397817207492,1
915,96.4782239006857,74.95758748474299,35.36837350447088,0
916,97.35627806054484,88.45993552156473,28.76405255586112,0
917,73.21668623212808,69.74376030216501,39.47409393850675,1
918,73.85763921101301,91.44526063051676,44.19153252854512,1
919,26.491417145275765,33.8556801750244,86.4040561913756,0
920,81.32588657467475,65.91748684863985,64.99976012889765,0
921,23.600521438387524,98.23553827018316,21.220986928263486,1
922,44.66706016386017,27.657723102212884,59.437657121871,0
923,58.15305946997606,11.877755902186282,87.76668966532606,0
924,54.10690599060693,51.95928592673936,52.97076152514853,1
925,77.32802437094864,15.224346702693325,82.8714413931061,0
926,24.848689460894057,1.5191799323955757,51.65434391854611,1
927,32.791170165974556,72.7832173319427,46.89996843743634,1
928,24.655966493803096,6.126185402832574,48.388593602790785,1
929,73.61120261166853,3.0043327451653834,29.385232664928786,1
930,12.245220439788785,62.022874223656565,81.49280929169353,0
931,48.83481319909724,83.07107389830821,85.16130953341653,1
932,66.49271532433085,61.492128095601494,8.737123079486253,1
933,94.41431189046843,56.599163755754425,38.653043085006765,0
934,41.37179669533128,41.34434353239773,55.32985535916044,0
935,18.607546785062134,29.23369658254652,73.00433237471313,1
936,65.92461710580446,43.06936401327659,50.88841214897493,1
937,49.957783906162625,45.61180013848938,57.2521067370603,0
938,51.38835802142035,19.82411164590834,78.3138895773467,1
939,11.626140402232055,26.718732274406076,68.61713407334705,0
940,62.956288407685825,97.10277216648994,46.42967575951039,0
941,39.538672355049,76.27152856977213,75.58224314624734,0
942,28.811144617554717,90.97219591960261,74.59788020766656,1
943,88.23215834056674,0.8351327239861872,59.016034702668065,1
944,22.036250161540284,79.36977449579884,47.20452837664821,0
945,42.238417733934774,53.93699973386401,32.00933233720779,0
946,45.126769632858675,29.1144016692933,40.364975158707594,0
947,35.53848131515337,18.599370431708206,6.330292309810348,1
948,86.3786952066758,5.6309135093321245,28.521078909427967,0
949,23.92173859513652,0.5016411794115494,2.170314201328194,1
950,93.72963339368108,46.22920698908048,62.27265768698914,1
951,99.69269078282156,70.92174982058093,11.5020605923418,0
952,93.07076730366568,2.198796888322452,32.07092446635714,1
953,81.75813917459314,13.262958462195806,32.82012563285096,0
954,36.36775167326189,69.55577973886776,84.6849500737653,0
955,70.87842278753479,5.263500775829277,87.71471764431396,0
956,35.42688539380616,64.60475686608083,38.64251286258498,1
957,10.998957632893303,21.799212964982406,57.8697671445623,1
958,28.11054987222964,50.21083924426798,51.60862849261464,1
959,47.461341497443186,37.62372582880077,27.380459114202427,1
960,40.02096737347849,27.82584836634262,55.54027195230161,0
961,28.829782324794074,4.227490441861292,40.44815116019455,0
962,81.57696616080526,34.51903718547293,33.45080859476689,0
963,92.6843282460949,68.6680704589886,9.652635779802686,1
964,27.665956111006228,33.16703063773318,67.22990216678296,1
965,9.413322975118366,1.1848561274904412,9.674766892320397,0
966,58.208989261651936,73.26705728599593,9.958381270572946,0
967,29.23554834583918,12.40977150858108,49.42531319286542,0
968,37.25853319357135,14.399119835511476,87.95936321180193,0
969,36.23866252162703,67.32452614900623,67.38059230821044,0
970,27.373929296402967,67.50858476627185,45.19638611654617,1
971,29.002788676564396,49.74704642366148,24.54638258670664,1
972,82.30370011078743,53.89142395595488,29.149671329561112,1
973,69.70124833498944,80.330170655718,12.085378739811059,1
974,90.1537399041784,60.97831719139124,20.6876186676193,1
975,23.722596013235453,74.09891113898654,77.08717113319805,0
976,6.415691773567311,49.202989327271496,82.31830186569464,0
977,25.035978272257196,85.2611576502113,51.21956323923029,1
978,68.56479008272024,3.89938715460888,7.850701087362866,0
979,93.68238281365373,98.32935021631299,70.16771893147433,0
980,20.131874736439404,65.58053972342657,93.17915675363912,0
981,53.01072320015485,26.77382030017791,60.56662651477037,1
982,96.11266624417527,63.66070354266486,46.8214537755146,1
983,10.381254941495378,87.57783312572145,10.337088313414956,1
984,82.06847862621336,39.994041931442204,32.46080306715473,0
985,36.612333280167064,15.822978242247077,13.162179291014276,1
986,71.93987396275237,43.74737226980033,24.88820507293028,0
987,17.131244456346394,77.2783814460131,14.373220829051647,1
988,92.50582173475573,5.6565161842719425,81.32372676747946,1
989,57.080061580634045,41.15195236527225,76.25919556703302,0
990,35.26153085901078,68.85372804423402,32.01108587205498,1
991,11.76774664912471,57.841914386881335,83.60072297606945,0
992,88.61442974844404,19.260861133668783,83.59549090490762,0
993,59.3942606845977,45.517347212023964,18.94350994435615,0
994,33.23112496342776,34.92987227169091,42.58395645664855,0
995,18.291386616464,84.1149341668336,57.381184970780566,1
996,66.18682457618296,89.41168861337529,35.7760862096528,1
997,5.238438673624978,36.23145026006883,55.78292351935203,0
998,57.37051984558573,63.92628030637473,16.035953325143872,1
999,47.53185116393428,63.85519776547297,57.55743218573648,1
1000,67.46118230808814,70.5127358318352,14.788346770589856,1
